{
	"partitions" : [
		{
			"name" : "Top",
			"pins" : [
				{
					"name" : "cpu_irq",
					"strict" : false
				},
				{
					"name" : "cpu_dir",
					"strict" : false
				},
				{
					"name" : "cpu_ex",
					"strict" : false
				},
				{
					"name" : "ppu_ciram_ce",
					"strict" : false
				},
				{
					"name" : "ppu_ciram_a10",
					"strict" : false
				},
				{
					"name" : "ppu_dir",
					"strict" : false
				},
				{
					"name" : "prg_addr[0]",
					"strict" : false
				},
				{
					"name" : "prg_addr[1]",
					"strict" : false
				},
				{
					"name" : "prg_addr[2]",
					"strict" : false
				},
				{
					"name" : "prg_addr[3]",
					"strict" : false
				},
				{
					"name" : "prg_addr[4]",
					"strict" : false
				},
				{
					"name" : "prg_addr[5]",
					"strict" : false
				},
				{
					"name" : "prg_addr[6]",
					"strict" : false
				},
				{
					"name" : "prg_addr[7]",
					"strict" : false
				},
				{
					"name" : "prg_addr[8]",
					"strict" : false
				},
				{
					"name" : "prg_addr[9]",
					"strict" : false
				},
				{
					"name" : "prg_addr[10]",
					"strict" : false
				},
				{
					"name" : "prg_addr[11]",
					"strict" : false
				},
				{
					"name" : "prg_addr[12]",
					"strict" : false
				},
				{
					"name" : "prg_addr[13]",
					"strict" : false
				},
				{
					"name" : "prg_addr[14]",
					"strict" : false
				},
				{
					"name" : "prg_addr[15]",
					"strict" : false
				},
				{
					"name" : "prg_addr[16]",
					"strict" : false
				},
				{
					"name" : "prg_addr[17]",
					"strict" : false
				},
				{
					"name" : "prg_addr[18]",
					"strict" : false
				},
				{
					"name" : "prg_addr[19]",
					"strict" : false
				},
				{
					"name" : "prg_addr[20]",
					"strict" : false
				},
				{
					"name" : "prg_addr[21]",
					"strict" : false
				},
				{
					"name" : "prg_addr[22]",
					"strict" : false
				},
				{
					"name" : "prg_ce",
					"strict" : false
				},
				{
					"name" : "prg_oe",
					"strict" : false
				},
				{
					"name" : "prg_we",
					"strict" : false
				},
				{
					"name" : "prg_ub",
					"strict" : false
				},
				{
					"name" : "prg_lb",
					"strict" : false
				},
				{
					"name" : "chr_addr[0]",
					"strict" : false
				},
				{
					"name" : "chr_addr[1]",
					"strict" : false
				},
				{
					"name" : "chr_addr[2]",
					"strict" : false
				},
				{
					"name" : "chr_addr[3]",
					"strict" : false
				},
				{
					"name" : "chr_addr[4]",
					"strict" : false
				},
				{
					"name" : "chr_addr[5]",
					"strict" : false
				},
				{
					"name" : "chr_addr[6]",
					"strict" : false
				},
				{
					"name" : "chr_addr[7]",
					"strict" : false
				},
				{
					"name" : "chr_addr[8]",
					"strict" : false
				},
				{
					"name" : "chr_addr[9]",
					"strict" : false
				},
				{
					"name" : "chr_addr[10]",
					"strict" : false
				},
				{
					"name" : "chr_addr[11]",
					"strict" : false
				},
				{
					"name" : "chr_addr[12]",
					"strict" : false
				},
				{
					"name" : "chr_addr[13]",
					"strict" : false
				},
				{
					"name" : "chr_addr[14]",
					"strict" : false
				},
				{
					"name" : "chr_addr[15]",
					"strict" : false
				},
				{
					"name" : "chr_addr[16]",
					"strict" : false
				},
				{
					"name" : "chr_addr[17]",
					"strict" : false
				},
				{
					"name" : "chr_addr[18]",
					"strict" : false
				},
				{
					"name" : "chr_addr[19]",
					"strict" : false
				},
				{
					"name" : "chr_addr[20]",
					"strict" : false
				},
				{
					"name" : "chr_addr[21]",
					"strict" : false
				},
				{
					"name" : "chr_addr[22]",
					"strict" : false
				},
				{
					"name" : "chr_ce",
					"strict" : false
				},
				{
					"name" : "chr_oe",
					"strict" : false
				},
				{
					"name" : "chr_we",
					"strict" : false
				},
				{
					"name" : "chr_ub",
					"strict" : false
				},
				{
					"name" : "chr_lb",
					"strict" : false
				},
				{
					"name" : "srm_ce",
					"strict" : false
				},
				{
					"name" : "srm_oe",
					"strict" : false
				},
				{
					"name" : "srm_we",
					"strict" : false
				},
				{
					"name" : "spi_miso",
					"strict" : false
				},
				{
					"name" : "led",
					"strict" : false
				},
				{
					"name" : "fifo_rxf",
					"strict" : false
				},
				{
					"name" : "cpu_dat[0]",
					"strict" : false
				},
				{
					"name" : "cpu_dat[1]",
					"strict" : false
				},
				{
					"name" : "cpu_dat[2]",
					"strict" : false
				},
				{
					"name" : "cpu_dat[3]",
					"strict" : false
				},
				{
					"name" : "cpu_dat[4]",
					"strict" : false
				},
				{
					"name" : "cpu_dat[5]",
					"strict" : false
				},
				{
					"name" : "cpu_dat[6]",
					"strict" : false
				},
				{
					"name" : "cpu_dat[7]",
					"strict" : false
				},
				{
					"name" : "ppu_dat[0]",
					"strict" : false
				},
				{
					"name" : "ppu_dat[1]",
					"strict" : false
				},
				{
					"name" : "ppu_dat[2]",
					"strict" : false
				},
				{
					"name" : "ppu_dat[3]",
					"strict" : false
				},
				{
					"name" : "ppu_dat[4]",
					"strict" : false
				},
				{
					"name" : "ppu_dat[5]",
					"strict" : false
				},
				{
					"name" : "ppu_dat[6]",
					"strict" : false
				},
				{
					"name" : "ppu_dat[7]",
					"strict" : false
				},
				{
					"name" : "prg_dat[0]",
					"strict" : false
				},
				{
					"name" : "prg_dat[1]",
					"strict" : false
				},
				{
					"name" : "prg_dat[2]",
					"strict" : false
				},
				{
					"name" : "prg_dat[3]",
					"strict" : false
				},
				{
					"name" : "prg_dat[4]",
					"strict" : false
				},
				{
					"name" : "prg_dat[5]",
					"strict" : false
				},
				{
					"name" : "prg_dat[6]",
					"strict" : false
				},
				{
					"name" : "prg_dat[7]",
					"strict" : false
				},
				{
					"name" : "chr_dat[0]",
					"strict" : false
				},
				{
					"name" : "chr_dat[1]",
					"strict" : false
				},
				{
					"name" : "chr_dat[2]",
					"strict" : false
				},
				{
					"name" : "chr_dat[3]",
					"strict" : false
				},
				{
					"name" : "chr_dat[4]",
					"strict" : false
				},
				{
					"name" : "chr_dat[5]",
					"strict" : false
				},
				{
					"name" : "chr_dat[6]",
					"strict" : false
				},
				{
					"name" : "chr_dat[7]",
					"strict" : false
				},
				{
					"name" : "cpu_ce",
					"strict" : false
				},
				{
					"name" : "cpu_addr[10]",
					"strict" : false
				},
				{
					"name" : "cpu_addr[11]",
					"strict" : false
				},
				{
					"name" : "cpu_addr[12]",
					"strict" : false
				},
				{
					"name" : "cpu_addr[13]",
					"strict" : false
				},
				{
					"name" : "cpu_addr[14]",
					"strict" : false
				},
				{
					"name" : "cpu_addr[8]",
					"strict" : false
				},
				{
					"name" : "cpu_addr[9]",
					"strict" : false
				},
				{
					"name" : "cpu_addr[3]",
					"strict" : false
				},
				{
					"name" : "cpu_addr[4]",
					"strict" : false
				},
				{
					"name" : "cpu_addr[5]",
					"strict" : false
				},
				{
					"name" : "cpu_addr[6]",
					"strict" : false
				},
				{
					"name" : "cpu_addr[7]",
					"strict" : false
				},
				{
					"name" : "cpu_addr[1]",
					"strict" : false
				},
				{
					"name" : "cpu_rw",
					"strict" : false
				},
				{
					"name" : "cpu_addr[0]",
					"strict" : false
				},
				{
					"name" : "cpu_addr[2]",
					"strict" : false
				},
				{
					"name" : "m2",
					"strict" : false
				},
				{
					"name" : "ppu_addr[13]",
					"strict" : false
				},
				{
					"name" : "ppu_addr[11]",
					"strict" : false
				},
				{
					"name" : "ppu_addr[10]",
					"strict" : false
				},
				{
					"name" : "ppu_oe",
					"strict" : false
				},
				{
					"name" : "ppu_addr[12]",
					"strict" : false
				},
				{
					"name" : "ppu_addr[0]",
					"strict" : false
				},
				{
					"name" : "ppu_addr[1]",
					"strict" : false
				},
				{
					"name" : "ppu_addr[2]",
					"strict" : false
				},
				{
					"name" : "ppu_addr[3]",
					"strict" : false
				},
				{
					"name" : "ppu_addr[4]",
					"strict" : false
				},
				{
					"name" : "ppu_addr[5]",
					"strict" : false
				},
				{
					"name" : "ppu_addr[6]",
					"strict" : false
				},
				{
					"name" : "ppu_addr[7]",
					"strict" : false
				},
				{
					"name" : "ppu_addr[8]",
					"strict" : false
				},
				{
					"name" : "ppu_addr[9]",
					"strict" : false
				},
				{
					"name" : "ppu_we",
					"strict" : false
				},
				{
					"name" : "spi_clk",
					"strict" : false
				},
				{
					"name" : "clk",
					"strict" : false
				},
				{
					"name" : "fds_sw",
					"strict" : false
				},
				{
					"name" : "spi_ss",
					"strict" : false
				},
				{
					"name" : "spi_mosi",
					"strict" : false
				},
				{
					"name" : "mcu_busy",
					"strict" : false
				}
			]
		}
	]
}